assddd,"Criação Usuário",adasdsadsad
pororororqsys,"Criação Usuário",aiqfome
"""asdasdsd""","Criação Usuário",dsadasdsad
rfr,"Criação Usuário",fffffffffffffffffff
rfr,"Criação Usuário",fffffffffffffffffff
khjhhjhhhh,Hardware,hkjkjhkjh
asdsadsadasdsad,"Criação Usuário",asdasdasdsddd
xuramp,"Criação Usuário",pororoxy
asdasdasd,"Criação Usuário",asdasdddddddddddddddddddddddddddddddddddddddddddddddasdasdddddddddddddddddddddddddddddddddddddddddddddddasdasdddddddddddddddddddddddddddddddddddddddddddddddasdasdddddddddddddddddddddddddddddddddddddddddddddddasdasdddddddddddddddddddddddddddddddddddddddddddddddasdasdddddddddddddddddddddddddddddddddddddddddddddddasdasdddddddddddddddddddddddddddddddddddddddddddddddasdasdddddddddddddddddddddddddddddddddddddddddddddddasdasdddddddddddddddddddddddddddddddddddddddddddddddasdasdddddddddddddddddddddddddddddddddddddddddddddddasdasdddddddddddddddddddddddddddddddddddddddddddddddasdasdddddddddddddddddddddddddddddddddddddddddddddddasdasdddddddddddddddddddddddddddddddddddddddddddddddvasdasdddddddddddddddddddddddddddddddddddddddddddddddasdasdddddddddddddddddddddddddddddddddddddddddddddddasdasdddddddddddddddddddddddddddddddddddddddddddddddasdasdddddddddddddddddddddddddddddddddddddddddddddddasdasdddddddddddddddddddddddddddddddddddddddddddddddasdasdddddddddddddddddddddddddddddddddddddddddddddddasdasdddddddddddddddddddddddddddddddddddddddddddddddasdasdddddddddddddddddddddddddddddddddddddddddddddddasdasdddddddddddddddddddddddddddddddddddddddddddddddasdasdddddddddddddddddddddddddddddddddddddddddddddddasdasdddddddddddddddddddddddddddddddddddddddddddddddasdasdddddddddddddddddddddddddddddddddddddddddddddddasdasdddddddddddddddddddddddddddddddddddddddddddddddvasdasdddddddddddddddddddddddddddddddddddddddddddddddasdasdddddddddddddddddddddddddddddddddddddddddddddddasdasdddddddddddddddddddddddddddddddddddddddddddddddasdasdddddddddddddddddddddddddddddddddddddddddddddddasdasdddddddddddddddddddddddddddddddddddddddddddddddasdasdddddddddddddddddddddddddddddddddddddddddddddddasdasdddddddddddddddddddddddddddddddddddddddddddddddasdasdddddddddddddddddddddddddddddddddddddddddddddddasdasdddddddddddddddddddddddddddddddddddddddddddddddasdasdddddddddddddddddddddddddddddddddddddddddddddddasdasdddddddddddddddddddddddddddddddddddddddddddddddasdasdddddddddddddddddddddddddddddddddddddddddddddddasdasdddddddddddddddddddddddddddddddddddddddddddddddv
asdd,"Criação Usuário",sdsdsd
asdasd,"Criação Usuário",asdasdsad
asdasdasd,"Criação Usuário",asdasdasdsd
